CustomerId,Profit,Recency,Frequency,Monetary,Variance,SegmentID,SegmentName
2,96,10,6,922.62,4,0,Klient w hibernacji
3,47,35,4,881.22,3,3,Stracony klient
4,294,5,1,3815.16,2,0,Klient w hibernacji
5,732,4,31,41868.11,29,2,Lojalny klient
6,37,16,3,2053.4,8,0,Klient w hibernacji
7,264,11,12,4861.49,12,4,Nowy klient
8,188,4,8,4010.69,9,4,Nowy klient
9,316,4,21,12636.8,20,1,Obiecujący klient
10,528,5,18,17741.24,26,1,Obiecujący klient
11,87,18,6,5542.36,10,0,Klient w hibernacji
13,445,5,14,24193.52,23,2,Lojalny klient
14,434,17,8,35265.23,24,2,Lojalny klient
15,247,25,8,17161.14,17,3,Stracony klient
16,111,4,7,1551.15,3,0,Klient w hibernacji
17,320,5,15,7345.29,20,4,Nowy klient
18,18,7,2,339.1,5,0,Klient w hibernacji
19,36,40,7,774.44,5,3,Stracony klient
21,156,32,4,11455.86,10,3,Stracony klient
23,251,5,13,5230.98,19,4,Nowy klient
24,42,41,3,351.06,3,3,Stracony klient
25,94,5,5,2265.75,10,0,Klient w hibernacji
26,957,3,22,35229.52,34,2,Lojalny klient
29,79,3,9,750.84,8,4,Nowy klient
30,39,18,3,602.63,2,0,Klient w hibernacji
31,36,2,2,537.0,2,0,Klient w hibernacji
32,123,4,6,3461.61,12,0,Klient w hibernacji
34,56,32,5,427.31,4,3,Stracony klient
36,39,2,8,1195.41,6,4,Nowy klient
37,548,2,14,23431.21,20,2,Lojalny klient
38,251,5,10,6580.88,8,4,Nowy klient
39,597,3,27,29915.37,26,1,Obiecujący klient
40,270,24,13,3499.2,9,3,Stracony klient
41,638,6,16,37273.21,39,2,Lojalny klient
43,8,40,1,75.48,1,3,Stracony klient
45,435,4,14,20953.36,21,2,Lojalny klient
46,516,6,14,14164.84,22,4,Nowy klient
47,29,3,4,295.92,4,0,Klient w hibernacji
48,314,3,15,8863.08,14,4,Nowy klient
49,356,4,17,13089.16,19,1,Obiecujący klient
50,191,6,3,1979.79,7,0,Klient w hibernacji
53,800,3,11,39119.06,25,2,Lojalny klient
55,48,33,2,349.92,1,3,Stracony klient
57,40,12,4,130.72,1,0,Klient w hibernacji
58,271,3,22,4340.73,8,1,Obiecujący klient
59,442,5,13,18207.51,12,4,Nowy klient
60,17,21,5,295.21,3,3,Stracony klient
61,28,7,7,683.35,6,0,Klient w hibernacji
62,174,5,12,5437.51,15,4,Nowy klient
63,318,3,13,9916.47,12,4,Nowy klient
64,18,18,2,290.4,3,0,Klient w hibernacji
65,95,4,24,2178.73,13,1,Obiecujący klient
66,145,10,9,7234.36,12,4,Nowy klient
69,319,5,12,9566.5,7,4,Nowy klient
71,82,21,5,1395.93,9,3,Stracony klient
73,69,2,10,1186.25,6,4,Nowy klient
74,793,4,13,31984.79,39,2,Lojalny klient
75,279,5,10,7465.7,18,4,Nowy klient
76,195,6,17,2867.65,15,4,Nowy klient
77,21,13,3,524.76,4,0,Klient w hibernacji
78,713,3,7,31663.0,18,2,Lojalny klient
79,325,7,6,25173.63,22,2,Lojalny klient
80,373,3,22,11111.18,22,1,Obiecujący klient
81,166,10,7,6312.12,8,0,Klient w hibernacji
83,213,5,3,21170.92,22,0,Klient w hibernacji
84,316,5,20,6530.72,9,1,Obiecujący klient
85,290,41,2,5392.08,4,3,Stracony klient
86,71,6,12,1297.59,8,4,Nowy klient
89,344,11,13,15997.74,28,4,Nowy klient
90,1068,7,18,40522.53,39,2,Lojalny klient
91,313,4,23,13311.28,20,1,Obiecujący klient
94,181,13,2,2739.04,5,0,Klient w hibernacji
95,452,11,17,15568.93,28,1,Obiecujący klient
96,98,7,13,1176.92,7,4,Nowy klient
98,204,6,7,6524.25,10,0,Klient w hibernacji
102,264,19,10,7890.94,15,4,Nowy klient
103,205,3,12,9996.0,18,4,Nowy klient
104,61,6,9,2651.49,7,4,Nowy klient
105,240,4,12,13218.21,19,4,Nowy klient
107,230,3,5,11636.04,20,0,Klient w hibernacji
108,34,18,2,1552.87,7,0,Klient w hibernacji
109,182,7,9,3270.86,6,4,Nowy klient
111,524,2,19,15718.21,24,1,Obiecujący klient
112,597,3,10,30218.41,24,2,Lojalny klient
113,184,12,9,1700.68,7,0,Klient w hibernacji
114,452,3,13,15926.79,27,4,Nowy klient
115,70,28,4,968.78,8,3,Stracony klient
117,508,3,9,18499.61,22,4,Nowy klient
118,144,32,4,1297.66,3,3,Stracony klient
119,202,14,9,2581.31,8,0,Klient w hibernacji
121,36,9,9,1375.16,8,4,Nowy klient
122,153,4,6,8945.05,12,0,Klient w hibernacji
125,141,4,8,5130.72,13,4,Nowy klient
127,376,14,12,16251.02,30,4,Nowy klient
128,302,18,10,7417.74,11,4,Nowy klient
129,342,4,17,12714.23,24,1,Obiecujący klient
130,1361,13,7,49103.25,15,2,Lojalny klient
131,105,3,22,2583.67,9,1,Obiecujący klient
133,22,13,2,309.38,3,0,Klient w hibernacji
134,85,18,5,3051.11,9,0,Klient w hibernacji
135,22,39,4,190.55,4,3,Stracony klient
136,1389,2,8,30290.52,13,2,Lojalny klient
138,663,5,12,52859.17,22,2,Lojalny klient
139,84,10,6,763.44,3,0,Klient w hibernacji
141,150,5,8,5670.2,12,4,Nowy klient
142,349,3,26,9298.13,13,1,Obiecujący klient
143,222,3,16,5691.82,14,4,Nowy klient
146,226,12,12,5942.56,9,4,Nowy klient
147,83,4,11,2234.87,7,4,Nowy klient
149,200,6,10,9678.88,18,4,Nowy klient
150,278,18,8,4483.91,13,0,Klient w hibernacji
151,117,5,10,854.03,5,4,Nowy klient
152,70,3,4,1226.05,5,0,Klient w hibernacji
153,270,3,4,3222.76,4,0,Klient w hibernacji
154,703,3,12,10930.32,11,4,Nowy klient
156,76,5,8,878.37,6,4,Nowy klient
157,177,27,9,6751.55,13,3,Stracony klient
159,113,7,11,4058.37,12,4,Nowy klient
160,220,19,11,7581.11,9,4,Nowy klient
161,50,11,4,536.39,3,0,Klient w hibernacji
162,237,4,8,5288.77,13,4,Nowy klient
163,906,2,25,32039.27,30,1,Obiecujący klient
165,104,10,4,563.76,3,0,Klient w hibernacji
166,58,6,10,1335.74,5,4,Nowy klient
167,37,12,9,413.43,6,0,Klient w hibernacji
168,35,34,2,1034.14,4,3,Stracony klient
169,152,11,5,7864.08,9,0,Klient w hibernacji
170,132,14,4,4792.79,12,0,Klient w hibernacji
171,561,4,21,19394.13,35,1,Obiecujący klient
172,153,11,3,7841.84,13,0,Klient w hibernacji
173,65,13,19,805.58,6,1,Obiecujący klient
174,173,6,7,1175.15,5,0,Klient w hibernacji
177,30,3,9,523.66,5,4,Nowy klient
178,67,19,4,1938.81,9,0,Klient w hibernacji
179,1349,3,19,47898.18,37,2,Lojalny klient
180,130,21,5,2144.24,4,3,Stracony klient
182,1691,16,10,29748.27,14,2,Lojalny klient
184,24,41,1,174.96,1,3,Stracony klient
185,605,7,10,15489.51,17,4,Nowy klient
186,492,3,27,15603.6,21,1,Obiecujący klient
189,170,12,5,8733.48,20,0,Klient w hibernacji
190,76,21,7,2874.69,10,3,Stracony klient
192,374,3,15,17933.52,39,1,Obiecujący klient
193,43,3,7,1269.48,8,0,Klient w hibernacji
194,5,3,1,133.45,1,0,Klient w hibernacji
196,310,5,8,21233.56,17,4,Nowy klient
197,68,7,4,1548.38,5,0,Klient w hibernacji
199,18,32,2,100.38,2,3,Stracony klient
200,69,11,6,1510.53,9,0,Klient w hibernacji
202,700,4,26,47927.88,28,2,Lojalny klient
203,177,1,3,5869.97,8,0,Klient w hibernacji
204,423,7,14,15919.92,32,4,Nowy klient
205,258,3,21,5693.63,25,1,Obiecujący klient
206,588,4,15,9448.49,14,4,Nowy klient
207,179,5,3,6292.66,12,0,Klient w hibernacji
208,58,5,11,1555.38,9,4,Nowy klient
209,240,10,22,3909.77,14,1,Obiecujący klient
210,50,4,16,1157.21,5,4,Nowy klient
211,266,3,6,13826.76,18,4,Nowy klient
212,124,14,9,5678.1,11,4,Nowy klient
213,85,18,3,1568.96,6,0,Klient w hibernacji
214,146,6,15,1621.59,8,4,Nowy klient
215,136,3,9,4895.77,9,4,Nowy klient
217,180,1,3,5187.32,6,0,Klient w hibernacji
218,24,41,1,94.8,1,3,Stracony klient
220,1114,2,24,25270.98,21,1,Obiecujący klient
221,284,7,11,9790.06,15,4,Nowy klient
222,72,6,8,970.6,6,4,Nowy klient
224,165,20,1,3067.35,1,0,Klient w hibernacji
225,179,3,4,7422.96,9,0,Klient w hibernacji
226,34,12,8,658.31,8,0,Klient w hibernacji
227,636,3,15,36841.14,37,2,Lojalny klient
228,492,1,3,26279.52,13,2,Lojalny klient
229,687,5,14,30920.68,26,2,Lojalny klient
230,42,13,4,680.38,2,0,Klient w hibernacji
231,625,4,23,22100.67,37,1,Obiecujący klient
233,141,21,5,3867.5,10,3,Stracony klient
234,290,2,15,12101.2,19,4,Nowy klient
235,31,25,4,319.03,4,3,Stracony klient
236,838,7,17,26820.7,31,2,Lojalny klient
238,191,7,3,2966.16,7,0,Klient w hibernacji
239,36,9,3,783.37,5,0,Klient w hibernacji
240,311,4,18,23974.04,21,1,Obiecujący klient
241,397,2,17,8258.09,11,1,Obiecujący klient
242,86,12,7,794.56,4,0,Klient w hibernacji
244,472,11,13,17900.85,25,4,Nowy klient
246,755,4,10,50024.63,34,2,Lojalny klient
248,507,5,26,11365.45,20,1,Obiecujący klient
249,491,5,8,23674.2,17,2,Lojalny klient
250,169,34,5,4556.51,8,3,Stracony klient
251,427,7,19,14783.38,17,1,Obiecujący klient
252,264,3,8,5315.03,10,4,Nowy klient
254,111,5,10,1725.8,12,4,Nowy klient
256,554,5,12,28136.79,30,2,Lojalny klient
257,154,3,15,3704.3,11,4,Nowy klient
258,121,18,4,4833.1,12,0,Klient w hibernacji
259,48,12,4,294.3,4,0,Klient w hibernacji
261,77,13,3,4046.3,11,0,Klient w hibernacji
263,995,6,21,43465.13,30,2,Lojalny klient
264,438,3,15,12548.11,22,4,Nowy klient
265,426,10,6,21889.92,22,0,Klient w hibernacji
266,36,4,14,578.84,2,4,Nowy klient
268,945,4,20,50470.82,34,2,Lojalny klient
269,648,3,21,31604.13,38,2,Lojalny klient
270,30,4,1,273.93,1,0,Klient w hibernacji
272,280,3,9,5964.15,7,4,Nowy klient
275,36,14,2,475.9,2,0,Klient w hibernacji
276,92,2,8,1058.88,10,4,Nowy klient
278,46,17,4,974.74,5,0,Klient w hibernacji
280,779,20,15,15600.45,27,4,Nowy klient
281,838,10,19,47984.74,42,2,Lojalny klient
284,200,24,7,2960.9,7,3,Stracony klient
286,164,14,4,7462.58,7,0,Klient w hibernacji
287,109,13,3,3366.59,7,0,Klient w hibernacji
288,30,41,4,606.3,3,3,Stracony klient
291,4,33,1,49.99,1,3,Stracony klient
292,56,3,9,1342.64,7,4,Nowy klient
296,142,20,5,1081.07,4,0,Klient w hibernacji
297,820,7,17,49656.4,52,2,Lojalny klient
298,56,34,6,1213.2,8,3,Stracony klient
299,132,19,2,759.92,2,0,Klient w hibernacji
300,63,32,2,1430.52,2,3,Stracony klient
301,273,5,12,3196.2,9,4,Nowy klient
302,243,1,3,8459.7,7,0,Klient w hibernacji
303,86,10,5,1795.02,6,0,Klient w hibernacji
304,69,13,10,850.27,7,4,Nowy klient
306,47,25,4,708.77,7,3,Stracony klient
307,185,21,17,2688.48,9,4,Nowy klient
308,449,3,12,21055.97,29,2,Lojalny klient
309,199,4,10,2551.91,8,4,Nowy klient
313,1009,7,27,29839.79,43,1,Obiecujący klient
314,347,7,22,15631.86,18,1,Obiecujący klient
317,169,17,9,4478.65,17,0,Klient w hibernacji
318,194,3,13,4625.11,19,4,Nowy klient
319,361,14,7,9695.37,12,0,Klient w hibernacji
321,108,6,3,3393.31,7,0,Klient w hibernacji
322,63,11,9,1042.45,6,4,Nowy klient
323,365,10,7,21529.08,29,4,Nowy klient
324,558,5,13,17884.42,35,4,Nowy klient
325,23,16,1,641.86,2,0,Klient w hibernacji
326,231,7,11,7870.44,17,4,Nowy klient
327,416,7,10,18893.61,23,4,Nowy klient
328,735,4,10,38667.31,36,2,Lojalny klient
329,59,40,3,5002.08,10,3,Stracony klient
330,288,5,10,7440.02,16,4,Nowy klient
331,809,3,11,33928.58,25,2,Lojalny klient
332,206,25,5,2927.02,6,3,Stracony klient
334,797,12,4,18690.46,10,0,Klient w hibernacji
335,638,3,9,38239.67,27,2,Lojalny klient
337,682,6,10,32927.37,25,2,Lojalny klient
338,693,4,16,31351.32,31,2,Lojalny klient
339,137,6,11,4313.06,11,4,Nowy klient
342,64,14,3,2758.22,8,0,Klient w hibernacji
343,851,11,6,27152.31,10,2,Lojalny klient
344,462,4,21,11361.97,24,1,Obiecujący klient
345,559,3,7,34635.08,21,2,Lojalny klient
346,420,13,3,3497.52,3,0,Klient w hibernacji
347,516,6,8,44667.22,23,2,Lojalny klient
349,50,6,1,506.82,2,0,Klient w hibernacji
351,616,6,15,39185.96,40,2,Lojalny klient
353,522,3,24,21243.0,18,1,Obiecujący klient
354,38,35,6,433.64,5,3,Stracony klient
356,366,4,21,11088.62,11,1,Obiecujący klient
357,163,4,11,3299.13,8,4,Nowy klient
358,298,4,25,5378.96,12,1,Obiecujący klient
359,110,4,6,3813.61,14,0,Klient w hibernacji
361,59,18,4,3726.16,12,0,Klient w hibernacji
362,425,18,9,26582.44,16,2,Lojalny klient
363,1022,5,16,39409.47,40,2,Lojalny klient
365,297,4,13,6474.4,10,4,Nowy klient
366,99,18,6,2642.3,9,0,Klient w hibernacji
367,521,6,16,25645.91,26,2,Lojalny klient
368,576,1,3,40867.27,14,2,Lojalny klient
369,9,3,3,88.56,1,0,Klient w hibernacji
371,332,11,9,7422.11,17,4,Nowy klient
372,54,3,2,2275.66,7,0,Klient w hibernacji
374,824,3,27,32708.8,46,1,Obiecujący klient
377,444,3,21,11420.25,24,1,Obiecujący klient
378,385,5,21,12742.92,23,1,Obiecujący klient
379,532,5,15,36371.0,23,2,Lojalny klient
381,32,7,2,540.88,4,0,Klient w hibernacji
384,25,32,1,283.1,2,3,Stracony klient
385,168,10,5,4111.39,11,0,Klient w hibernacji
386,1816,2,27,26988.78,33,1,Obiecujący klient
388,695,11,14,22351.99,33,2,Lojalny klient
389,175,5,11,6153.52,15,4,Nowy klient
390,601,3,22,20533.99,19,1,Obiecujący klient
391,74,11,10,979.88,6,4,Nowy klient
392,186,5,9,7121.49,7,4,Nowy klient
393,501,7,26,15946.84,18,1,Obiecujący klient
394,681,4,26,40525.02,24,2,Lojalny klient
397,10,7,1,395.76,2,0,Klient w hibernacji
398,165,4,9,3953.35,8,4,Nowy klient
399,193,2,9,3757.31,11,4,Nowy klient
401,61,35,2,3687.29,7,3,Stracony klient
403,224,7,9,4270.27,8,4,Nowy klient
404,873,3,24,9282.33,13,1,Obiecujący klient
407,103,6,6,3486.62,8,0,Klient w hibernacji
408,81,32,2,1254.59,3,3,Stracony klient
409,79,7,15,1550.04,5,4,Nowy klient
412,126,7,8,2524.5,7,4,Nowy klient
413,111,5,8,3603.23,9,4,Nowy klient
414,453,3,9,25455.43,22,2,Lojalny klient
415,79,5,5,1445.92,7,0,Klient w hibernacji
417,257,5,11,10279.22,8,4,Nowy klient
418,426,3,17,11221.6,13,1,Obiecujący klient
421,383,7,17,18309.41,20,1,Obiecujący klient
422,57,10,13,564.5,4,4,Nowy klient
423,12,40,1,283.56,2,3,Stracony klient
425,653,5,18,24928.34,31,2,Lojalny klient
426,453,4,8,18616.23,15,4,Nowy klient
427,451,4,15,19719.87,17,1,Obiecujący klient
428,193,35,3,3040.86,7,3,Stracony klient
430,462,5,18,20905.01,26,1,Obiecujący klient
431,229,2,20,5995.59,10,1,Obiecujący klient
433,128,5,6,2105.55,7,0,Klient w hibernacji
434,241,6,19,5052.0,9,1,Obiecujący klient
437,74,6,30,1506.78,6,1,Obiecujący klient
438,177,6,5,1553.46,6,0,Klient w hibernacji
439,1910,40,2,2422.77,8,3,Stracony klient
442,38,5,10,349.74,3,4,Nowy klient
444,8,41,1,75.48,1,3,Stracony klient
445,2698,6,8,18910.46,6,4,Nowy klient
446,251,25,12,6396.41,12,3,Stracony klient
447,234,3,18,6135.49,17,1,Obiecujący klient
448,25,11,1,801.16,4,0,Klient w hibernacji
449,337,4,19,10834.76,20,1,Obiecujący klient
450,323,13,12,8296.07,20,4,Nowy klient
451,157,18,9,3905.25,12,0,Klient w hibernacji
452,90,7,9,2035.3,8,4,Nowy klient
453,416,5,11,17686.6,27,4,Nowy klient
455,474,5,13,23913.99,24,2,Lojalny klient
456,16,32,3,281.0,4,3,Stracony klient
457,286,4,14,2976.59,8,4,Nowy klient
458,132,6,6,3168.52,17,0,Klient w hibernacji
459,50,14,2,356.75,2,0,Klient w hibernacji
460,26,13,3,489.99,3,0,Klient w hibernacji
461,266,5,6,21568.99,8,4,Nowy klient
462,2880,3,9,11446.08,1,4,Nowy klient
463,505,25,5,8007.42,5,3,Stracony klient
465,226,5,8,4968.72,15,4,Nowy klient
466,194,4,15,4965.93,18,4,Nowy klient
467,6,14,1,49.99,1,0,Klient w hibernacji
468,130,3,12,2930.69,10,4,Nowy klient
469,154,12,14,2645.32,9,4,Nowy klient
470,376,6,14,21975.86,31,2,Lojalny klient
471,171,40,7,4858.63,9,3,Stracony klient
472,870,33,10,4833.89,3,3,Stracony klient
473,134,6,7,5241.53,14,0,Klient w hibernacji
474,183,5,12,4466.03,10,4,Nowy klient
475,70,12,3,1661.71,4,0,Klient w hibernacji
476,12,5,1,107.4,1,0,Klient w hibernacji
477,432,4,21,23142.45,20,1,Obiecujący klient
478,851,2,26,30530.76,13,1,Obiecujący klient
480,61,34,2,3290.22,8,3,Stracony klient
482,380,6,13,16528.76,21,4,Nowy klient
483,271,11,6,2905.96,6,0,Klient w hibernacji
484,92,10,2,871.2,3,0,Klient w hibernacji
485,171,19,4,7700.66,14,0,Klient w hibernacji
487,370,7,12,21693.72,32,2,Lojalny klient
489,212,9,11,3593.68,17,4,Nowy klient
490,47,7,5,776.72,4,0,Klient w hibernacji
491,155,4,19,4336.95,10,1,Obiecujący klient
492,57,27,5,2288.13,10,3,Stracony klient
493,36,14,3,322.2,2,0,Klient w hibernacji
494,30,10,1,203.1,1,0,Klient w hibernacji
495,10,33,2,381.8,2,3,Stracony klient
496,360,9,8,31131.89,20,2,Lojalny klient
497,419,12,7,17589.11,16,0,Klient w hibernacji
498,96,2,7,5026.9,15,4,Nowy klient
499,213,5,8,4177.31,14,4,Nowy klient
500,63,21,3,1901.06,7,3,Stracony klient
501,648,3,26,23444.79,40,1,Obiecujący klient
502,903,4,26,47556.92,47,2,Lojalny klient
503,69,18,3,1050.7,7,0,Klient w hibernacji
504,346,4,22,9771.68,23,1,Obiecujący klient
505,13,10,1,325.86,2,0,Klient w hibernacji
507,197,33,3,3230.55,4,3,Stracony klient
508,132,6,11,4366.29,10,4,Nowy klient
509,43,5,9,494.82,7,4,Nowy klient
510,327,11,11,9974.5,16,4,Nowy klient
511,292,7,19,10002.14,22,1,Obiecujący klient
513,9,4,3,284.41,4,0,Klient w hibernacji
515,90,41,6,1678.71,6,3,Stracony klient
516,76,5,8,878.37,6,4,Nowy klient
519,609,7,18,26350.22,28,2,Lojalny klient
520,849,11,6,22226.01,16,0,Klient w hibernacji
521,183,13,6,2669.25,5,0,Klient w hibernacji
523,257,3,9,11715.4,19,4,Nowy klient
524,130,19,6,2640.09,5,0,Klient w hibernacji
525,437,7,22,7043.44,14,1,Obiecujący klient
526,61,12,10,1216.07,6,4,Nowy klient
527,373,40,2,8154.03,6,3,Stracony klient
528,323,4,14,12431.73,16,4,Nowy klient
529,173,13,9,4463.7,7,4,Nowy klient
530,738,4,13,41817.35,32,2,Lojalny klient
531,85,7,9,1401.02,8,4,Nowy klient
532,209,5,17,6589.21,14,1,Obiecujący klient
533,278,4,14,9236.72,27,4,Nowy klient
534,181,11,8,2517.43,4,0,Klient w hibernacji
538,484,4,10,15494.56,19,4,Nowy klient
539,335,10,8,2635.55,6,0,Klient w hibernacji
540,520,7,18,12967.55,25,1,Obiecujący klient
541,210,4,1,6576.8,2,0,Klient w hibernacji
542,588,12,6,8729.42,5,0,Klient w hibernacji
543,618,5,18,8798.27,13,1,Obiecujący klient
544,404,2,16,7054.33,12,4,Nowy klient
545,747,6,3,22024.01,9,0,Klient w hibernacji
547,12,5,1,264.2,2,0,Klient w hibernacji
550,92,3,11,1157.63,6,4,Nowy klient
551,262,19,13,6926.8,15,4,Nowy klient
552,571,3,11,26524.78,17,2,Lojalny klient
553,373,4,11,10900.52,13,4,Nowy klient
554,80,7,6,2849.74,10,0,Klient w hibernacji
555,1068,4,11,11399.2,9,4,Nowy klient
556,60,5,7,1128.76,7,0,Klient w hibernacji
558,28,7,11,483.04,5,4,Nowy klient
559,12,4,1,99.98,1,0,Klient w hibernacji
560,188,5,20,2713.91,9,1,Obiecujący klient
561,140,13,4,5017.42,12,0,Klient w hibernacji
564,92,5,11,1935.21,5,4,Nowy klient
565,110,7,9,2622.74,10,4,Nowy klient
567,694,5,19,28333.53,25,2,Lojalny klient
571,372,19,9,10103.49,13,0,Klient w hibernacji
572,21,19,2,119.98,2,0,Klient w hibernacji
573,28,25,2,355.99,2,3,Stracony klient
574,852,5,15,39359.08,38,2,Lojalny klient
576,185,6,14,3414.97,8,4,Nowy klient
577,72,9,2,3528.72,7,0,Klient w hibernacji
578,725,3,15,32153.13,36,2,Lojalny klient
579,180,5,5,25266.34,25,2,Lojalny klient
580,965,5,18,34462.52,38,2,Lojalny klient
581,2,21,2,15.78,1,3,Stracony klient
582,385,32,7,19272.65,12,3,Stracony klient
583,91,7,9,2187.29,12,4,Nowy klient
584,8,28,1,362.24,2,3,Stracony klient
586,898,11,5,28946.64,11,2,Lojalny klient
587,26,3,2,212.14,2,0,Klient w hibernacji
588,64,39,4,648.89,2,3,Stracony klient
589,401,18,6,8114.24,12,0,Klient w hibernacji
590,194,2,5,12489.9,13,0,Klient w hibernacji
591,148,12,14,1836.72,10,4,Nowy klient
592,107,6,8,4001.15,7,4,Nowy klient
594,612,7,11,44265.86,36,2,Lojalny klient
595,1176,33,13,21438.76,31,3,Stracony klient
596,46,18,8,723.82,9,0,Klient w hibernacji
597,641,5,23,21728.42,19,1,Obiecujący klient
598,182,20,10,3786.27,15,0,Klient w hibernacji
599,693,5,16,25026.56,30,2,Lojalny klient
600,533,2,21,9173.21,11,1,Obiecujący klient
601,422,4,11,17958.07,34,4,Nowy klient
602,13,6,2,54.55,2,0,Klient w hibernacji
603,266,5,15,14625.99,20,4,Nowy klient
607,308,9,21,12031.19,20,1,Obiecujący klient
608,300,4,2,6999.14,3,0,Klient w hibernacji
609,851,2,13,36543.55,22,2,Lojalny klient
610,23,28,3,214.02,3,3,Stracony klient
611,82,13,7,1308.4,5,0,Klient w hibernacji
612,334,27,10,3516.8,8,3,Stracony klient
613,348,3,10,22681.99,17,2,Lojalny klient
614,802,4,14,42685.6,25,2,Lojalny klient
615,6,3,1,59.04,1,0,Klient w hibernacji
616,59,33,3,1253.43,4,3,Stracony klient
617,153,21,8,2219.76,9,3,Stracony klient
618,154,6,4,1821.44,5,0,Klient w hibernacji
619,16,6,4,476.17,2,0,Klient w hibernacji
621,295,7,10,5459.98,8,4,Nowy klient
622,501,4,11,34773.63,29,2,Lojalny klient
623,319,5,12,9566.5,7,4,Nowy klient
625,249,6,1,33891.9,21,2,Lojalny klient
626,409,3,22,13890.79,12,1,Obiecujący klient
627,829,5,12,47589.88,27,2,Lojalny klient
628,6,25,1,49.99,1,3,Stracony klient
629,306,3,20,2669.32,10,1,Obiecujący klient
630,1788,4,16,24040.96,16,2,Lojalny klient
631,12,3,2,69.34,2,0,Klient w hibernacji
632,180,6,12,6622.84,16,4,Nowy klient
634,356,5,20,11757.76,25,1,Obiecujący klient
635,155,12,8,5097.82,9,0,Klient w hibernacji
636,374,7,19,7470.72,7,1,Obiecujący klient
638,37,34,1,2353.96,4,3,Stracony klient
639,419,12,3,47288.16,28,2,Lojalny klient
640,297,4,17,7056.07,7,1,Obiecujący klient
641,108,13,6,3748.34,13,0,Klient w hibernacji
642,960,5,3,5359.8,2,0,Klient w hibernacji
643,270,7,12,17550.35,18,4,Nowy klient
645,85,13,4,2494.91,9,0,Klient w hibernacji
646,38,39,4,355.96,3,3,Stracony klient
648,202,4,10,3925.34,13,4,Nowy klient
650,268,5,4,8330.38,6,0,Klient w hibernacji
651,14,5,5,190.7,5,0,Klient w hibernacji
654,224,10,4,18670.41,16,0,Klient w hibernacji
656,495,6,18,14419.81,33,1,Obiecujący klient
657,153,10,4,2103.76,7,0,Klient w hibernacji
658,396,7,12,15963.75,18,4,Nowy klient
659,498,7,24,18689.9,24,1,Obiecujący klient
660,111,3,7,3041.54,13,4,Nowy klient
661,298,10,17,7018.58,8,4,Nowy klient
663,578,6,13,26605.82,32,2,Lojalny klient
664,82,2,8,1215.63,5,4,Nowy klient
666,272,6,13,7558.83,13,4,Nowy klient
667,369,18,16,13630.23,22,4,Nowy klient
668,465,3,12,20418.93,18,4,Nowy klient
671,8,25,1,96.98,1,3,Stracony klient
672,567,4,13,9852.13,19,4,Nowy klient
673,661,3,11,23325.34,19,2,Lojalny klient
675,188,5,12,7667.15,8,4,Nowy klient
676,323,1,3,12149.47,8,0,Klient w hibernacji
677,366,7,12,21566.29,19,2,Lojalny klient
678,44,35,4,385.94,3,3,Stracony klient
680,797,6,11,13192.55,13,4,Nowy klient
685,282,6,18,8242.13,14,1,Obiecujący klient
686,61,3,8,2173.11,7,4,Nowy klient
687,35,3,5,741.39,6,0,Klient w hibernacji
688,82,41,3,2460.26,5,3,Stracony klient
690,655,5,14,36381.7,34,2,Lojalny klient
693,554,21,15,17710.41,21,4,Nowy klient
694,429,3,10,13845.82,25,4,Nowy klient
695,18,11,2,192.42,2,0,Klient w hibernacji
696,41,17,4,894.8,7,0,Klient w hibernacji
697,49,14,7,373.6,3,0,Klient w hibernacji
698,417,7,9,24404.75,23,2,Lojalny klient
699,177,5,14,2291.94,11,4,Nowy klient
701,536,5,13,24344.84,25,2,Lojalny klient
702,355,7,13,7441.68,11,4,Nowy klient
703,154,10,4,2921.74,8,0,Klient w hibernacji
706,300,4,2,6999.14,3,0,Klient w hibernacji
707,52,12,6,1131.18,6,0,Klient w hibernacji
708,153,13,13,2812.06,21,4,Nowy klient
709,72,5,11,2695.89,9,4,Nowy klient
710,58,40,5,560.23,6,3,Stracony klient
711,49,5,7,585.05,7,0,Klient w hibernacji
712,410,6,15,12652.32,37,4,Nowy klient
713,540,16,14,22534.92,14,2,Lojalny klient
714,212,3,11,5591.82,15,4,Nowy klient
715,931,5,13,31876.83,38,2,Lojalny klient
716,194,5,8,6583.0,13,4,Nowy klient
717,799,11,7,13767.12,15,0,Klient w hibernacji
718,12,6,2,182.24,2,0,Klient w hibernacji
719,148,7,15,2974.93,12,4,Nowy klient
720,69,4,6,3292.09,9,0,Klient w hibernacji
721,303,7,5,3701.02,9,0,Klient w hibernacji
722,50,35,3,2706.79,7,3,Stracony klient
724,54,2,3,1036.29,3,0,Klient w hibernacji
725,294,6,12,17959.06,25,4,Nowy klient
726,39,24,4,689.98,7,3,Stracony klient
727,607,6,14,9282.66,15,4,Nowy klient
728,151,10,10,2500.82,12,4,Nowy klient
729,68,2,6,595.58,2,0,Klient w hibernacji
731,100,3,2,565.69,2,0,Klient w hibernacji
732,946,10,17,28362.6,23,2,Lojalny klient
733,59,30,11,1214.61,8,3,Stracony klient
734,61,12,10,1216.07,6,4,Nowy klient
735,81,5,2,1303.58,4,0,Klient w hibernacji
736,437,11,8,19620.17,24,4,Nowy klient
737,954,3,26,19262.05,32,1,Obiecujący klient
738,139,7,14,3339.0,8,4,Nowy klient
739,143,7,3,3724.87,6,0,Klient w hibernacji
740,101,9,4,1965.65,8,0,Klient w hibernacji
741,90,3,10,3868.92,12,4,Nowy klient
742,284,7,11,12529.15,15,4,Nowy klient
743,4,3,1,37.74,1,0,Klient w hibernacji
745,877,3,13,41848.83,40,2,Lojalny klient
746,432,1,3,13924.72,10,0,Klient w hibernacji
747,1255,5,14,43522.34,45,2,Lojalny klient
748,78,4,8,1275.44,7,4,Nowy klient
749,499,4,24,30801.35,24,1,Obiecujący klient
750,243,5,12,8967.4,21,4,Nowy klient
751,270,7,19,8006.09,15,1,Obiecujący klient
752,72,6,9,2246.53,11,4,Nowy klient
753,204,17,7,4669.45,16,0,Klient w hibernacji
754,35,3,14,483.92,4,4,Nowy klient
755,300,4,2,6999.14,3,0,Klient w hibernacji
756,65,7,11,904.14,7,4,Nowy klient
757,300,4,2,6999.14,3,0,Klient w hibernacji
758,10,25,1,56.03,1,3,Stracony klient
760,1386,4,29,50410.74,39,2,Lojalny klient
761,352,18,2,13366.85,12,0,Klient w hibernacji
762,29,7,7,415.96,4,0,Klient w hibernacji
764,35,2,16,718.11,7,4,Nowy klient
765,99,5,2,4103.49,7,0,Klient w hibernacji
766,643,12,13,47816.01,38,2,Lojalny klient
768,115,2,11,3170.0,11,4,Nowy klient
769,572,7,10,43445.58,42,2,Lojalny klient
770,90,41,6,1589.2,11,3,Stracony klient
771,245,11,4,20805.98,21,0,Klient w hibernacji
772,749,5,13,45893.69,24,2,Lojalny klient
775,53,21,9,1323.2,8,3,Stracony klient
776,749,35,7,18613.41,14,3,Stracony klient
777,713,5,13,44982.08,38,2,Lojalny klient
780,66,5,7,2775.94,6,0,Klient w hibernacji
781,12,33,2,126.14,2,3,Stracony klient
783,304,6,10,5452.0,11,4,Nowy klient
784,468,4,22,12570.79,18,1,Obiecujący klient
785,639,4,29,16012.14,14,1,Obiecujący klient
786,13,4,2,239.32,2,0,Klient w hibernacji
788,44,5,4,1145.18,6,0,Klient w hibernacji
789,244,4,18,4869.39,18,1,Obiecujący klient
790,86,10,13,1389.97,10,4,Nowy klient
791,10,35,1,191.52,2,3,Stracony klient
792,235,7,9,4377.9,4,4,Nowy klient
794,75,24,3,1360.17,5,3,Stracony klient
795,73,6,4,2032.24,7,0,Klient w hibernacji
796,1723,4,29,15160.78,27,1,Obiecujący klient
798,77,5,6,1241.98,6,0,Klient w hibernacji
800,560,7,14,27237.69,32,2,Lojalny klient
801,364,3,17,10805.85,27,1,Obiecujący klient
802,751,14,16,29301.48,30,2,Lojalny klient
803,40,12,1,2870.8,3,0,Klient w hibernacji
806,170,14,3,1825.74,6,0,Klient w hibernacji
808,187,11,12,6793.07,15,4,Nowy klient
809,868,3,22,46744.22,44,2,Lojalny klient
812,17,23,2,593.44,4,3,Stracony klient
813,323,6,10,10230.92,10,4,Nowy klient
815,244,2,12,8753.54,21,4,Nowy klient
816,59,5,4,1031.92,4,0,Klient w hibernacji
817,62,5,6,554.03,5,0,Klient w hibernacji
820,381,5,12,9793.63,8,4,Nowy klient
821,93,7,9,4375.47,14,4,Nowy klient
823,652,2,20,19712.18,18,1,Obiecujący klient
824,444,3,23,10238.08,15,1,Obiecujący klient
826,546,5,15,36921.52,24,2,Lojalny klient
830,132,32,2,5728.32,5,3,Stracony klient
831,250,2,15,6976.49,18,4,Nowy klient
832,448,21,6,2868.52,6,3,Stracony klient
833,106,5,10,1720.64,7,4,Nowy klient
834,263,5,13,9835.83,8,4,Nowy klient
837,294,14,10,13095.87,20,4,Nowy klient
838,133,6,8,1969.6,6,4,Nowy klient
839,106,6,8,5215.4,11,4,Nowy klient
841,213,12,6,7665.88,17,0,Klient w hibernacji
842,15,10,1,278.85,1,0,Klient w hibernacji
843,213,12,10,7188.65,22,4,Nowy klient
844,220,6,9,9481.37,9,4,Nowy klient
845,192,4,19,3791.97,13,1,Obiecujący klient
849,355,5,13,13288.95,23,4,Nowy klient
850,375,6,9,16475.31,8,4,Nowy klient
851,41,5,9,705.26,7,4,Nowy klient
852,151,20,3,3568.77,4,0,Klient w hibernacji
853,102,3,6,1914.9,8,0,Klient w hibernacji
855,188,6,17,6303.24,9,4,Nowy klient
857,728,5,16,32955.25,34,2,Lojalny klient
858,140,10,7,4532.66,9,0,Klient w hibernacji
860,120,4,3,812.4,1,0,Klient w hibernacji
863,829,4,24,20503.36,15,1,Obiecujący klient
864,827,6,17,47474.76,26,2,Lojalny klient
866,451,10,12,21288.87,27,2,Lojalny klient
867,636,5,9,28069.56,38,2,Lojalny klient
869,1,32,1,7.89,1,3,Stracony klient
870,580,4,18,14664.93,31,1,Obiecujący klient
871,148,7,11,3639.95,13,4,Nowy klient
872,653,6,12,31333.94,15,2,Lojalny klient
873,64,13,12,1060.49,7,4,Nowy klient
874,1259,7,17,52100.2,43,2,Lojalny klient
875,356,3,24,9277.15,13,1,Obiecujący klient
876,150,5,6,3720.72,4,0,Klient w hibernacji
877,10,17,2,197.88,2,0,Klient w hibernacji
878,355,4,13,22050.02,15,2,Lojalny klient
880,300,4,2,6999.14,3,0,Klient w hibernacji
882,300,4,2,6999.14,3,0,Klient w hibernacji
883,30,6,3,892.01,8,0,Klient w hibernacji
884,781,4,10,39485.52,35,2,Lojalny klient
885,4,17,1,37.74,1,0,Klient w hibernacji
886,1100,2,28,52876.97,41,2,Lojalny klient
887,33,32,6,651.37,5,3,Stracony klient
888,246,1,3,10788.36,8,0,Klient w hibernacji
889,168,3,2,10348.39,11,0,Klient w hibernacji
890,77,5,8,1588.25,7,4,Nowy klient
891,189,17,5,1307.49,5,0,Klient w hibernacji
892,72,11,2,1231.36,4,0,Klient w hibernacji
893,39,13,2,1208.82,4,0,Klient w hibernacji
894,636,4,21,21218.35,30,1,Obiecujący klient
896,130,4,4,1805.7,7,0,Klient w hibernacji
897,762,5,18,27480.2,33,2,Lojalny klient
898,309,7,9,26561.31,26,2,Lojalny klient
899,430,3,14,9691.09,12,4,Nowy klient
900,160,2,12,1826.9,4,4,Nowy klient
901,407,3,8,18689.3,19,4,Nowy klient
902,113,33,7,2853.13,8,3,Stracony klient
904,8,39,1,58.58,1,3,Stracony klient
905,137,5,7,6971.09,14,4,Nowy klient
907,682,5,14,28299.73,29,2,Lojalny klient
908,68,3,4,1765.06,9,0,Klient w hibernacji
910,242,7,16,3942.26,13,4,Nowy klient
912,82,41,3,2460.26,5,3,Stracony klient
914,310,6,16,8161.62,11,4,Nowy klient
917,980,3,16,38342.38,36,2,Lojalny klient
918,126,5,7,4173.97,12,0,Klient w hibernacji
919,190,3,8,10416.61,15,4,Nowy klient
920,204,7,11,8821.47,13,4,Nowy klient
921,89,28,5,2508.17,7,3,Stracony klient
922,305,2,18,6989.82,12,1,Obiecujący klient
924,124,4,10,3114.92,10,4,Nowy klient
925,352,3,13,8001.38,18,4,Nowy klient
926,230,4,6,8846.23,14,0,Klient w hibernacji
927,243,7,18,6652.88,23,1,Obiecujący klient
928,143,23,2,7033.32,10,3,Stracony klient
929,130,21,4,9006.19,12,3,Stracony klient
931,268,6,3,2000.76,3,0,Klient w hibernacji
932,72,19,5,646.65,7,0,Klient w hibernacji
933,100,12,8,3086.02,10,0,Klient w hibernacji
935,169,9,12,3301.53,10,4,Nowy klient
936,28,12,5,737.9,5,0,Klient w hibernacji
937,124,10,11,3399.75,7,4,Nowy klient
939,726,4,14,14903.21,21,4,Nowy klient
940,144,3,1,695.76,1,0,Klient w hibernacji
943,10,17,5,159.33,3,0,Klient w hibernacji
945,262,13,11,8513.0,7,4,Nowy klient
946,395,6,14,17208.6,23,4,Nowy klient
947,353,7,19,10957.61,27,1,Obiecujący klient
948,90,11,13,8631.27,23,4,Nowy klient
949,146,4,10,1076.9,5,4,Nowy klient
950,10,21,2,112.66,2,3,Stracony klient
952,192,4,21,3447.44,11,1,Obiecujący klient
953,189,1,3,6876.27,5,0,Klient w hibernacji
954,60,5,1,299.97,1,0,Klient w hibernacji
955,642,4,13,21839.95,30,2,Lojalny klient
956,158,7,19,2841.52,15,1,Obiecujący klient
957,390,4,16,15809.28,22,1,Obiecujący klient
958,243,23,11,11247.9,21,3,Stracony klient
959,194,4,6,3804.65,10,0,Klient w hibernacji
962,307,10,21,9710.89,26,1,Obiecujący klient
963,492,3,24,12157.08,37,1,Obiecujący klient
964,60,10,8,1273.4,8,0,Klient w hibernacji
966,266,2,13,4043.96,6,4,Nowy klient
968,21,17,14,395.19,5,4,Nowy klient
969,313,28,10,19130.5,28,3,Stracony klient
970,1,32,1,7.29,1,3,Stracony klient
971,197,11,16,2377.08,15,4,Nowy klient
972,699,3,11,31420.29,19,2,Lojalny klient
973,391,10,22,11226.3,18,1,Obiecujący klient
974,705,7,19,25141.43,36,1,Obiecujący klient
976,202,3,26,3318.11,13,1,Obiecujący klient
977,15,3,1,70.39,1,0,Klient w hibernacji
978,135,7,6,2822.96,8,0,Klient w hibernacji
981,110,4,11,2338.45,10,4,Nowy klient
982,508,6,18,21756.97,28,1,Obiecujący klient
983,217,4,15,6566.83,14,4,Nowy klient
984,914,5,19,47947.85,36,2,Lojalny klient
985,141,13,5,803.34,5,0,Klient w hibernacji
986,385,6,14,7040.68,16,4,Nowy klient
987,204,11,2,7303.2,4,0,Klient w hibernacji
989,176,1,3,6611.06,8,0,Klient w hibernacji
990,170,4,12,4606.59,15,4,Nowy klient
991,168,13,7,3126.58,7,0,Klient w hibernacji
993,89,2,20,2293.18,7,1,Obiecujący klient
994,176,34,8,14005.62,19,3,Stracony klient
995,628,6,12,37634.5,16,2,Lojalny klient
996,1012,6,13,49065.75,32,2,Lojalny klient
997,415,12,5,20737.35,20,0,Klient w hibernacji
998,62,4,5,1514.38,10,0,Klient w hibernacji
999,99,5,4,4879.3,10,0,Klient w hibernacji
1000,28,5,5,263.72,2,0,Klient w hibernacji
1001,196,6,10,2258.38,5,4,Nowy klient
1002,153,4,12,2021.12,8,4,Nowy klient
1003,263,7,22,5131.0,20,1,Obiecujący klient
1004,77,3,9,1626.9,5,4,Nowy klient
1005,6,32,1,59.04,1,3,Stracony klient
1006,101,5,7,4327.82,11,0,Klient w hibernacji
1007,647,2,19,24822.38,23,1,Obiecujący klient
1008,391,3,12,12183.13,24,4,Nowy klient
1009,18,4,2,413.28,3,0,Klient w hibernacji
1010,870,3,24,38000.18,33,2,Lojalny klient
1012,515,10,7,31714.6,31,2,Lojalny klient
1013,97,5,9,2268.02,12,4,Nowy klient
1014,413,11,9,32792.93,26,2,Lojalny klient
1016,894,3,18,31481.53,41,2,Lojalny klient
1018,158,24,9,3184.62,9,3,Stracony klient
1020,73,14,7,1117.58,7,0,Klient w hibernacji
1021,269,6,9,9854.03,15,4,Nowy klient
1022,293,20,4,25942.7,12,0,Klient w hibernacji
1023,212,16,11,3999.01,14,4,Nowy klient
1024,488,12,15,25444.51,19,2,Lojalny klient
1025,785,2,25,48644.0,40,2,Lojalny klient
1026,252,2,7,11392.71,23,4,Nowy klient
1028,227,11,5,2316.7,7,0,Klient w hibernacji
1029,80,25,5,768.58,2,3,Stracony klient
1031,15,10,1,278.85,1,0,Klient w hibernacji
1032,564,3,9,33983.72,21,2,Lojalny klient
1033,235,10,15,6655.41,19,4,Nowy klient
1034,231,30,7,9238.58,13,3,Stracony klient
1035,286,3,8,7986.46,18,4,Nowy klient
1036,244,2,13,7112.0,17,4,Nowy klient
1037,203,4,12,7528.02,17,4,Nowy klient
1040,465,7,16,33621.13,14,2,Lojalny klient
1041,176,18,4,1672.88,2,0,Klient w hibernacji
1042,78,4,4,1469.1,4,0,Klient w hibernacji
1043,169,4,5,3830.8,12,0,Klient w hibernacji
1045,192,25,9,6048.68,9,3,Stracony klient
1047,97,5,24,1467.54,6,1,Obiecujący klient
1049,553,6,19,28819.56,19,2,Lojalny klient
1050,246,3,15,5858.7,25,4,Nowy klient
1051,89,34,3,6725.17,8,3,Stracony klient
1052,133,4,12,2416.52,18,4,Nowy klient
1055,327,5,19,9823.36,9,1,Obiecujący klient
1056,162,3,12,4452.96,11,4,Nowy klient
1057,158,5,6,8108.84,13,0,Klient w hibernacji
1058,15,32,9,248.31,3,3,Stracony klient
1060,100,4,8,781.14,5,4,Nowy klient
1062,217,2,13,5909.07,20,4,Nowy klient
1063,700,2,17,17014.43,18,1,Obiecujący klient
1065,2089,6,23,42282.5,30,2,Lojalny klient
1067,291,6,8,8737.86,14,4,Nowy klient
1070,628,5,15,24569.16,38,2,Lojalny klient
1071,475,4,12,23768.47,34,2,Lojalny klient
1073,270,5,9,8038.11,12,4,Nowy klient
1075,366,35,6,20434.58,22,3,Stracony klient
1076,240,9,16,5348.36,9,4,Nowy klient
1077,418,11,10,5261.06,7,4,Nowy klient
1078,117,3,5,1669.98,6,0,Klient w hibernacji
1079,114,11,6,6975.28,14,0,Klient w hibernacji
1080,144,5,7,2206.99,13,0,Klient w hibernacji
1081,46,32,2,2872.58,7,3,Stracony klient
1082,13,16,3,163.33,3,0,Klient w hibernacji
1083,30,5,3,737.92,3,0,Klient w hibernacji
1085,272,4,21,10164.34,20,1,Obiecujący klient
1086,338,3,18,9953.41,22,1,Obiecujący klient
1087,440,4,11,13196.09,34,4,Nowy klient
1088,225,16,7,11653.89,26,0,Klient w hibernacji
1090,149,5,5,2851.55,12,0,Klient w hibernacji
1092,315,1,3,10620.18,7,0,Klient w hibernacji
1093,258,1,2,20117.64,12,0,Klient w hibernacji
1095,497,11,11,42589.55,26,2,Lojalny klient
1097,36,11,4,525.56,4,0,Klient w hibernacji
1098,199,6,17,4413.81,14,4,Nowy klient
1099,80,35,5,1828.36,6,3,Stracony klient
1102,8,23,2,79.28,2,3,Stracony klient
1103,311,6,15,4327.48,9,4,Nowy klient
1104,262,13,11,8513.0,7,4,Nowy klient
1106,220,3,8,6380.17,9,4,Nowy klient
1107,134,35,3,20186.64,24,3,Stracony klient
1108,4,41,1,49.99,1,3,Stracony klient
1109,64,5,15,1106.94,5,4,Nowy klient
1111,1193,3,13,40797.78,19,2,Lojalny klient
1113,1423,33,11,36207.39,28,2,Lojalny klient
1114,159,5,11,5986.9,11,4,Nowy klient
1116,112,10,4,3237.85,12,0,Klient w hibernacji
1117,28,20,3,353.81,4,0,Klient w hibernacji
1118,30,20,1,169.0,1,0,Klient w hibernacji
1119,10,33,1,78.9,1,3,Stracony klient
1121,140,39,11,1454.78,3,3,Stracony klient
1122,207,1,2,7168.8,6,0,Klient w hibernacji
1123,712,4,18,20274.49,32,1,Obiecujący klient
1125,155,14,2,11225.2,15,0,Klient w hibernacji
1126,397,4,14,7659.55,14,4,Nowy klient
1128,56,4,6,872.4,8,0,Klient w hibernacji
1131,84,41,2,1048.08,2,3,Stracony klient
1133,30,9,3,455.58,4,0,Klient w hibernacji
1134,362,4,12,8510.43,29,4,Nowy klient
1135,432,5,5,4374.06,4,0,Klient w hibernacji
1136,232,5,10,2758.86,9,4,Nowy klient
1138,360,5,1,3196.2,2,0,Klient w hibernacji
1139,450,13,8,21473.15,12,4,Nowy klient
1140,6,33,4,90.04,4,3,Stracony klient
1141,1356,27,8,13511.25,5,3,Stracony klient
1142,24,18,2,343.6,2,0,Klient w hibernacji
1143,1459,3,5,43863.91,9,2,Lojalny klient
1144,36,5,1,243.72,1,0,Klient w hibernacji
1147,87,3,9,904.23,9,4,Nowy klient
1148,1082,4,25,44046.26,49,2,Lojalny klient
1149,382,14,3,16046.28,13,0,Klient w hibernacji
1152,12,18,1,80.92,1,0,Klient w hibernacji
1153,293,7,17,9604.72,26,1,Obiecujący klient
1155,373,21,7,11470.05,15,3,Stracony klient
1156,114,5,10,1149.64,5,4,Nowy klient
1157,310,2,13,7992.37,19,4,Nowy klient
1158,12,25,1,113.22,1,3,Stracony klient
1159,36,19,2,333.84,2,0,Klient w hibernacji
1161,1089,10,5,10194.42,4,0,Klient w hibernacji
1163,432,10,24,8707.73,19,1,Obiecujący klient
1164,302,4,20,5958.22,22,1,Obiecujący klient
1166,821,2,26,44719.84,50,2,Lojalny klient
1168,45,2,8,1141.25,7,4,Nowy klient
1169,267,3,5,15188.27,18,0,Klient w hibernacji
1170,661,3,7,14880.97,4,4,Nowy klient
1171,297,2,16,6849.99,18,4,Nowy klient
1172,151,11,5,3891.41,9,0,Klient w hibernacji
1173,1380,7,14,42870.28,43,2,Lojalny klient
1174,129,21,5,5066.4,11,3,Stracony klient
1176,856,3,30,21112.61,14,1,Obiecujący klient
1179,201,6,6,2549.52,7,0,Klient w hibernacji
1181,1565,3,28,40911.66,27,2,Lojalny klient
1182,15,23,6,277.98,4,3,Stracony klient
1183,104,4,3,2134.99,3,0,Klient w hibernacji
1185,607,10,10,33984.16,35,2,Lojalny klient
1187,15,32,1,278.85,1,3,Stracony klient
1188,341,7,16,16562.91,16,1,Obiecujący klient
1189,653,3,16,32147.22,44,2,Lojalny klient
1190,125,11,3,1405.94,4,0,Klient w hibernacji
1191,198,12,3,16733.52,18,0,Klient w hibernacji
1192,196,4,13,5602.71,14,4,Nowy klient
1193,153,5,10,3675.1,12,4,Nowy klient
1194,80,10,8,1667.75,3,0,Klient w hibernacji
1196,50,2,12,698.14,2,4,Nowy klient
1197,355,3,19,8680.32,13,1,Obiecujący klient
1198,362,4,6,35609.73,26,2,Lojalny klient
1199,441,1,3,21790.37,10,0,Klient w hibernacji
1200,823,3,24,43845.59,24,2,Lojalny klient
1201,48,6,12,1239.02,5,4,Nowy klient
1202,114,13,12,1782.13,9,4,Nowy klient
1204,259,7,15,10074.93,26,4,Nowy klient
1206,246,10,12,3554.5,12,4,Nowy klient
1207,90,34,4,939.96,3,3,Stracony klient
1209,697,6,17,16065.55,29,1,Obiecujący klient
1211,231,17,5,12382.92,23,0,Klient w hibernacji
1213,54,3,6,1763.16,9,0,Klient w hibernacji
1215,176,4,11,5954.4,8,4,Nowy klient
1216,210,14,8,4714.65,3,0,Klient w hibernacji
1217,76,17,15,2766.59,10,4,Nowy klient
1218,216,1,3,7238.85,7,0,Klient w hibernacji
1224,173,11,3,12375.18,14,0,Klient w hibernacji
1225,467,4,19,23231.79,34,1,Obiecujący klient
1227,86,6,12,1806.92,10,4,Nowy klient
1229,349,3,6,7414.83,10,0,Klient w hibernacji
1232,19,17,1,216.26,2,0,Klient w hibernacji
1234,43,40,1,489.94,2,3,Stracony klient
1235,168,3,11,4049.6,12,4,Nowy klient
1236,271,6,5,34804.07,23,2,Lojalny klient
1237,23,7,5,384.42,4,0,Klient w hibernacji
1239,22,4,3,271.54,3,0,Klient w hibernacji
1240,141,4,11,4852.78,10,4,Nowy klient
1242,278,11,5,2556.17,4,0,Klient w hibernacji
1243,457,3,14,11091.38,18,4,Nowy klient
1244,174,13,7,2507.23,8,0,Klient w hibernacji
1245,142,7,15,2685.86,19,4,Nowy klient
1247,70,24,3,3696.18,9,3,Stracony klient
1250,93,13,9,1941.71,7,0,Klient w hibernacji
1251,119,20,6,3288.04,10,0,Klient w hibernacji
1252,352,6,8,6416.18,11,4,Nowy klient
1253,118,6,10,4738.58,12,4,Nowy klient
1256,1036,4,20,15915.57,19,1,Obiecujący klient
1257,61,25,4,1328.62,7,3,Stracony klient
1258,228,3,12,6624.62,18,4,Nowy klient
1259,876,14,18,26219.78,26,2,Lojalny klient
1260,615,5,18,14324.23,12,1,Obiecujący klient
1261,283,3,14,3792.01,14,4,Nowy klient
1262,196,7,10,9977.94,17,4,Nowy klient
1263,381,5,12,9793.63,8,4,Nowy klient
1264,6,11,2,135.84,2,0,Klient w hibernacji
1265,269,4,16,6786.19,7,4,Nowy klient
1266,40,4,2,377.4,1,0,Klient w hibernacji
1267,85,40,3,1112.87,5,3,Stracony klient
1268,102,7,15,2528.28,13,4,Nowy klient
1269,127,18,6,5349.72,10,0,Klient w hibernacji
1270,57,11,6,1900.89,9,0,Klient w hibernacji
1272,390,35,3,8360.04,6,3,Stracony klient
1273,227,7,10,8096.89,15,4,Nowy klient
1275,90,7,7,1354.37,6,0,Klient w hibernacji
1276,405,3,12,13483.56,27,4,Nowy klient
1279,4,17,1,69.96,1,0,Klient w hibernacji
1281,655,6,18,20859.74,14,1,Obiecujący klient
1284,232,6,9,3958.93,11,4,Nowy klient
1287,150,4,10,4529.83,13,4,Nowy klient
1291,180,4,2,14647.78,18,0,Klient w hibernacji
1292,88,4,8,787.1,3,4,Nowy klient
1293,20,7,1,753.56,4,0,Klient w hibernacji
1294,262,18,6,4889.27,13,0,Klient w hibernacji
1296,94,10,8,1785.74,10,0,Klient w hibernacji
1297,123,2,7,2177.59,7,4,Nowy klient
1298,330,12,23,33215.65,19,2,Lojalny klient
1299,216,4,12,10955.78,20,4,Nowy klient
1300,118,7,10,2886.37,13,4,Nowy klient
1301,107,6,9,1645.91,13,4,Nowy klient
1302,751,12,9,50654.0,30,2,Lojalny klient
1304,227,5,17,8104.07,20,1,Obiecujący klient
1305,372,5,24,13929.84,16,1,Obiecujący klient
1306,233,33,8,4490.89,13,3,Stracony klient
1308,104,14,5,2976.89,7,0,Klient w hibernacji
1309,745,5,13,35350.48,45,2,Lojalny klient
1310,96,4,14,1461.63,12,4,Nowy klient
1311,609,14,12,18388.8,27,4,Nowy klient
1312,392,12,8,19389.98,17,4,Nowy klient
1315,70,11,4,1717.52,11,0,Klient w hibernacji
1316,476,5,12,19531.34,21,4,Nowy klient
1317,90,6,7,1208.69,11,0,Klient w hibernacji
1320,112,4,6,2074.17,6,0,Klient w hibernacji
1321,446,2,14,11014.94,24,4,Nowy klient
1322,377,11,6,4695.17,7,0,Klient w hibernacji
1323,497,5,8,27438.85,27,2,Lojalny klient
1324,829,2,26,25412.83,28,1,Obiecujący klient
1325,156,17,13,1396.2,2,4,Nowy klient
1330,147,5,11,1459.17,4,4,Nowy klient
1331,5,6,1,39.45,1,0,Klient w hibernacji
1333,191,3,11,3987.51,10,4,Nowy klient
1334,382,4,24,7963.71,12,1,Obiecujący klient
1335,211,5,10,5799.93,18,4,Nowy klient
1337,128,10,5,4011.51,12,0,Klient w hibernacji
1339,152,29,10,2058.72,5,3,Stracony klient
1343,931,41,9,18649.58,16,3,Stracony klient
1345,1266,2,28,24276.93,23,1,Obiecujący klient
1348,330,7,26,5022.29,14,1,Obiecujący klient
1349,18,18,3,263.12,3,0,Klient w hibernacji
1351,85,19,5,1007.16,7,0,Klient w hibernacji
1352,1368,7,22,46861.17,47,2,Lojalny klient
1353,660,4,13,31564.75,32,2,Lojalny klient
1354,10,3,1,191.52,2,0,Klient w hibernacji
1355,153,19,6,2172.26,7,0,Klient w hibernacji
1356,22,10,2,272.21,3,0,Klient w hibernacji
1361,204,34,4,2698.06,6,3,Stracony klient
1362,50,41,2,239.75,2,3,Stracony klient
1363,464,3,17,14115.21,12,1,Obiecujący klient
1364,68,18,2,1164.35,4,0,Klient w hibernacji
1365,106,35,4,1128.85,4,3,Stracony klient
1366,181,5,10,6341.64,15,4,Nowy klient
1367,179,7,15,7146.91,12,4,Nowy klient
1368,246,2,31,3711.96,16,1,Obiecujący klient
1369,987,5,21,31819.47,49,2,Lojalny klient
1371,1477,13,10,43428.75,29,2,Lojalny klient
1372,67,17,6,1598.56,8,0,Klient w hibernacji
1373,203,5,7,5476.07,15,0,Klient w hibernacji
1374,131,28,12,2873.77,13,3,Stracony klient
1375,16,14,2,160.33,3,0,Klient w hibernacji
1376,285,3,8,3812.63,7,4,Nowy klient
1377,8,4,1,75.48,1,0,Klient w hibernacji
1379,316,9,14,5657.13,9,4,Nowy klient
1380,806,10,9,51309.03,38,2,Lojalny klient
1382,158,5,19,5582.06,11,1,Obiecujący klient
1384,300,4,2,6999.14,3,0,Klient w hibernacji
1385,773,4,23,31336.24,34,2,Lojalny klient
1386,224,20,8,3379.31,14,0,Klient w hibernacji
1387,102,24,2,435.57,2,3,Stracony klient
1388,485,3,11,27219.37,20,2,Lojalny klient
1389,607,7,20,28018.54,30,2,Lojalny klient
1390,8,23,1,75.48,1,3,Stracony klient
1391,148,27,13,1828.48,7,3,Stracony klient
1392,137,34,5,3990.26,8,3,Stracony klient
1394,490,3,3,2415.63,3,0,Klient w hibernacji
1395,182,10,5,3889.46,10,0,Klient w hibernacji
1397,40,20,2,237.15,2,0,Klient w hibernacji
1398,111,6,12,1340.0,10,4,Nowy klient
1399,287,3,6,15207.42,14,4,Nowy klient
1400,775,6,13,51426.47,25,2,Lojalny klient
1401,502,4,12,34719.01,27,2,Lojalny klient
1402,72,5,1,1333.08,4,0,Klient w hibernacji
1403,411,5,12,19906.64,29,4,Nowy klient
1404,484,3,31,10711.09,14,1,Obiecujący klient
1405,30,23,1,1520.24,4,3,Stracony klient
1406,368,12,14,20003.07,28,4,Nowy klient
1408,513,6,13,17652.32,25,4,Nowy klient
1410,105,6,6,2288.48,12,0,Klient w hibernacji
1412,373,6,12,13118.35,14,4,Nowy klient
1413,249,5,6,3897.05,6,0,Klient w hibernacji
1414,81,4,10,2480.77,8,4,Nowy klient
1415,57,34,3,1489.57,7,3,Stracony klient
1416,12,39,2,113.22,1,3,Stracony klient
1419,808,2,22,17783.1,15,1,Obiecujący klient
1420,104,13,15,1500.12,3,4,Nowy klient
1425,204,10,5,9471.0,10,0,Klient w hibernacji
1426,554,20,8,34809.55,12,2,Lojalny klient
1427,45,7,16,793.46,7,4,Nowy klient
1428,534,4,10,34214.78,20,2,Lojalny klient
1430,88,4,11,1731.34,9,4,Nowy klient
1431,509,2,12,21603.52,24,2,Lojalny klient
1432,409,6,11,15872.82,33,4,Nowy klient
1434,934,6,24,24880.49,41,1,Obiecujący klient
1437,263,11,13,11210.3,19,4,Nowy klient
1438,350,4,10,23777.64,26,2,Lojalny klient
1439,803,3,24,20033.76,20,1,Obiecujący klient
1440,219,6,11,4782.96,12,4,Nowy klient
1442,19,34,2,196.14,3,3,Stracony klient
1443,24,6,2,214.8,1,0,Klient w hibernacji
1445,650,4,23,25456.36,36,1,Obiecujący klient
1446,200,13,7,3808.36,5,0,Klient w hibernacji
1447,650,5,18,13214.87,24,1,Obiecujący klient
1448,59,25,5,1432.46,5,3,Stracony klient
1449,163,34,11,7611.87,19,3,Stracony klient
1450,272,4,15,10409.08,18,4,Nowy klient
1451,101,10,9,3829.26,9,4,Nowy klient
1453,371,4,14,20896.6,21,2,Lojalny klient
1454,74,4,10,1791.85,13,4,Nowy klient
1455,94,3,5,3821.77,16,0,Klient w hibernacji
1456,311,17,4,5750.76,7,0,Klient w hibernacji
1457,671,2,10,38193.78,21,2,Lojalny klient
1459,465,1,3,37430.85,13,2,Lojalny klient
1461,550,4,22,18316.65,27,1,Obiecujący klient
1462,151,10,4,1959.88,7,0,Klient w hibernacji
1463,12,10,3,136.22,3,0,Klient w hibernacji
1464,54,25,2,370.22,3,3,Stracony klient
1465,56,5,4,936.16,3,0,Klient w hibernacji
1466,290,14,15,10513.18,11,4,Nowy klient
1468,344,10,18,7609.62,18,1,Obiecujący klient
1469,323,7,17,11577.31,25,1,Obiecujący klient
1470,24,40,1,226.44,1,3,Stracony klient
1471,20,7,3,698.21,6,0,Klient w hibernacji
1472,515,1,3,35028.09,12,2,Lojalny klient
1473,629,5,13,18616.87,35,4,Nowy klient
1474,168,5,9,2020.31,6,4,Nowy klient
1475,307,2,22,4776.73,12,1,Obiecujący klient
1477,129,34,5,1674.98,6,3,Stracony klient
1478,270,6,7,14757.11,13,4,Nowy klient
1479,72,4,10,622.62,5,4,Nowy klient
1482,241,5,10,4457.49,12,4,Nowy klient
1485,18,21,1,121.86,1,3,Stracony klient
1487,239,3,12,3657.48,8,4,Nowy klient
1488,70,18,15,756.8,7,4,Nowy klient
1489,123,4,9,4726.21,18,4,Nowy klient
1490,507,6,19,32313.27,23,2,Lojalny klient
1493,262,6,23,2505.29,11,1,Obiecujący klient
1495,154,6,6,5778.58,13,0,Klient w hibernacji
1497,148,11,6,1380.73,7,0,Klient w hibernacji
1499,85,16,11,642.02,8,4,Nowy klient
1501,768,3,21,19567.87,18,1,Obiecujący klient
1502,87,4,8,1734.88,14,4,Nowy klient
1503,213,5,8,6547.08,18,4,Nowy klient
1504,138,19,5,2236.05,4,0,Klient w hibernacji
1505,704,3,23,5226.98,11,1,Obiecujący klient
1506,136,11,3,1686.62,5,0,Klient w hibernacji
1507,174,18,3,15798.92,17,0,Klient w hibernacji
1508,124,28,12,2676.89,7,3,Stracony klient
1510,668,1,3,49602.45,17,2,Lojalny klient
1511,82,35,4,1047.58,6,3,Stracony klient
